{"cameraMode":{"drawMode":0,"name":"Shaded","section":"Shading Mode"},"sceneLighting":true,"audioPlay":false,"sceneViewState":{"m_AlwaysRefresh":false,"showFog":true,"showSkybox":true,"showFlares":true,"showImageEffects":true,"showParticleSystems":true,"showVisualEffectGraphs":true,"m_FxEnabled":true},"in2DMode":false,"pivot":{"x":-1.559999942779541,"y":1.8984698057174683,"z":12.986812591552735},"rotation":{"x":-0.24518117308616639,"y":0.47848716378211977,"z":-0.14112666249275208,"w":-0.8312894105911255},"size":2.7267699241638185,"orthographic":false}