{"cameraMode":{"drawMode":0,"name":"Shaded","section":"Shading Mode"},"sceneLighting":true,"audioPlay":false,"sceneViewState":{"m_AlwaysRefresh":false,"showFog":true,"showSkybox":true,"showFlares":true,"showImageEffects":true,"showParticleSystems":true,"showVisualEffectGraphs":true,"m_FxEnabled":true},"in2DMode":false,"pivot":{"x":-5.9531378746032719,"y":12.229384422302246,"z":-2.0840072631835939},"rotation":{"x":0.1526760458946228,"y":0.8463029861450195,"z":-0.38282936811447146,"w":0.3375203013420105},"size":2.0042779445648195,"orthographic":false}