{"cameraMode":{"drawMode":0,"name":"Shaded","section":"Shading Mode"},"sceneLighting":false,"audioPlay":false,"sceneViewState":{"m_AlwaysRefresh":false,"showFog":true,"showSkybox":false,"showFlares":true,"showImageEffects":true,"showParticleSystems":true,"showVisualEffectGraphs":true,"m_FxEnabled":true},"in2DMode":false,"pivot":{"x":-0.38460999727249148,"y":2.777261257171631,"z":-0.5717757344245911},"rotation":{"x":-0.019069448113441469,"y":0.9790749549865723,"z":-0.10943255573511124,"w":-0.1705993264913559},"size":0.8660253882408142,"orthographic":false}